{
  "global": {
    "accounts": [
      {
        "id": "principal-lender-account-id",
        "reference": "0x",
        "label": "Principal Lender"
      }
    ],
    "principalLenderAccountId": "principal-lender-account-id",
    "spvs": [
      {
        "id": "jBtwbYpDA2k2Us9aHEhfiJFV/v4=",
        "name": "SPV"
      },
      {
        "id": "zigVUvR1Jj9ai64QHdVOMknv97g=",
        "name": "SPV2"
      }
    ],
    "serviceProviderFeeTypes": [
      {
        "id": "principal-fee-type-id",
        "name": "Principal",
        "feeType": "Principal",
        "accountId": "principal-lender-account-id"
      }
    ],
    "fixedIncomeTypes": [
      {
        "id": "treasury-bill",
        "name": "Treasury Bill"
      }
    ],
    "portfolio": [
      {
        "id": "principal-asset-id",
        "type": "Cash",
        "spvId": "1",
        "currency": "USD",
        "balance": 9515000
      },
      {
        "type": "FixedIncome",
        "id": "98RtTYv1sBIfOswKm7pxmvrKDGI=",
        "name": "T-Bill 4565446",
        "maturity": "2024-12-31T00:00:00.000Z",
        "fixedIncomeTypeId": "treasury-bill",
        "spvId": "jBtwbYpDA2k2Us9aHEhfiJFV/v4=",
        "CUSIP": "TB4565446",
        "ISIN": "123123123123",
        "coupon": null,
        "purchasePrice": 0.9966666666666667,
        "totalDiscount": 15000.996666666666,
        "notional": 500000.99666666664,
        "purchaseDate": "2024-10-29T00:00:00.000Z",
        "purchaseProceeds": 4485000,
        "assetProceeds": -485000,
        "salesProceeds": 4000000,
        "realizedSurplus": 0
      }
    ],
    "transactions": [
      {
        "id": "I0R3bbVwZTgA/S/nbZj18P3rUBY=",
        "type": "PrincipalDraw",
        "entryTime": "2024-10-01T10:57:47.000Z",
        "cashBalanceChange": 10000000,
        "unitPrice": null,
        "serviceProviderFeeTypeId": null,
        "txRef": "0x1",
        "fees": null,
        "cashTransaction": {
          "id": "vHIcF3+/nIBpCdC6WOBmSaiU5pU=",
          "assetType": "Cash",
          "assetId": "principal-asset-id",
          "entryTime": "2024-10-01T10:57:47.000Z",
          "counterPartyAccountId": "principal-lender-account-id",
          "amount": 10000000,
          "accountId": null,
          "settlementTime": null,
          "tradeTime": null
        },
        "fixedIncomeTransaction": null
      },
      {
        "id": "I96y6mrP08e+82iMtMZVZfbT+R0=",
        "type": "AssetPurchase",
        "entryTime": "2024-10-15T10:58:05.000Z",
        "cashBalanceChange": -2490000,
        "unitPrice": 0.996,
        "serviceProviderFeeTypeId": null,
        "txRef": "0x2",
        "fees": null,
        "cashTransaction": {
          "id": "i2W4gNTvc9tiOB3mKnWks7mthfc=",
          "assetType": "Cash",
          "assetId": "principal-asset-id",
          "entryTime": "2024-10-15T10:58:05.000Z",
          "counterPartyAccountId": "principal-lender-account-id",
          "amount": 2490000,
          "accountId": null,
          "settlementTime": null,
          "tradeTime": null
        },
        "fixedIncomeTransaction": {
          "id": "hrFmEjdLzm3oqvG5ZuV5jjmxzok=",
          "assetType": "FixedIncome",
          "assetId": "98RtTYv1sBIfOswKm7pxmvrKDGI=",
          "amount": 2500000,
          "entryTime": "2024-10-15T10:58:05.000Z",
          "accountId": null,
          "counterPartyAccountId": null,
          "settlementTime": null,
          "tradeTime": null
        }
      },
      {
        "id": "uS0Tgpj4AzM/epZ3IySUrZKZD+c=",
        "type": "AssetPurchase",
        "entryTime": "2024-11-15T11:58:43.000Z",
        "cashBalanceChange": -1995000,
        "unitPrice": 0.9975,
        "serviceProviderFeeTypeId": null,
        "txRef": "0x3",
        "fees": null,
        "cashTransaction": {
          "id": "1Yg4WZeGLi7c/Ko5/0WVA/7h4vY=",
          "assetType": "Cash",
          "assetId": "principal-asset-id",
          "entryTime": "2024-11-15T11:58:43.000Z",
          "counterPartyAccountId": "principal-lender-account-id",
          "amount": 1995000,
          "accountId": null,
          "settlementTime": null,
          "tradeTime": null
        },
        "fixedIncomeTransaction": {
          "id": "wYxZtfn5dVSC4/BYlYe1jiRcuig=",
          "assetType": "FixedIncome",
          "assetId": "98RtTYv1sBIfOswKm7pxmvrKDGI=",
          "amount": 2000000,
          "entryTime": "2024-11-15T11:58:43.000Z",
          "accountId": null,
          "counterPartyAccountId": null,
          "settlementTime": null,
          "tradeTime": null
        }
      },
      {
        "id": "pd0Py38loQef6QSWD6uub4AKZzM=",
        "type": "AssetSale",
        "entryTime": "2024-12-01T11:59:17.000Z",
        "cashBalanceChange": 4000000,
        "unitPrice": 1,
        "serviceProviderFeeTypeId": null,
        "txRef": "0x4",
        "fees": null,
        "cashTransaction": {
          "id": "MUm1QEeSpPJ+lv4SD4UEg2CMtog=",
          "assetType": "Cash",
          "assetId": "principal-asset-id",
          "entryTime": "2024-12-01T11:59:17.000Z",
          "counterPartyAccountId": "principal-lender-account-id",
          "amount": 4000000,
          "accountId": null,
          "settlementTime": null,
          "tradeTime": null
        },
        "fixedIncomeTransaction": {
          "id": "1iS/WgudiKlFvpVoX3CMtq/YOvE=",
          "assetType": "FixedIncome",
          "assetId": "98RtTYv1sBIfOswKm7pxmvrKDGI=",
          "amount": 4000000,
          "entryTime": "2024-12-01T11:59:17.000Z",
          "accountId": null,
          "counterPartyAccountId": null,
          "settlementTime": null,
          "tradeTime": null
        }
      }
    ]
  },
  "local": {}
}