{
  "global": [
    {
      "type": "CREATE_SPV",
      "input": {
        "id": "jBtwbYpDA2k2Us9aHEhfiJFV/v4=",
        "name": "SPV"
      },
      "scope": "global",
      "id": "102a608c-f108-4072-ae74-1cce882a32ea",
      "index": 0,
      "timestamp": "2024-12-10T11:57:21.359Z",
      "hash": "W/2q1/KAdyvJgJKf3Bw/k4QYJUY=",
      "skip": 0
    },
    {
      "type": "CREATE_FIXED_INCOME_ASSET",
      "input": {
        "type": "FixedIncome",
        "id": "98RtTYv1sBIfOswKm7pxmvrKDGI=",
        "name": "T-Bill 4565446",
        "maturity": "2024-12-31T00:00:00.000Z",
        "fixedIncomeTypeId": "treasury-bill",
        "spvId": "jBtwbYpDA2k2Us9aHEhfiJFV/v4=",
        "CUSIP": "TB4565446",
        "ISIN": "123123123123",
        "coupon": null,
        "purchasePrice": 0,
        "totalDiscount": 0,
        "notional": 0,
        "purchaseDate": "",
        "purchaseProceeds": 0,
        "assetProceeds": 0,
        "salesProceeds": 0,
        "realizedSurplus": 0
      },
      "scope": "global",
      "id": "7e72c6d8-c1bb-497c-80b9-da3740e5ccbc",
      "index": 1,
      "timestamp": "2024-12-10T11:57:33.890Z",
      "hash": "Pb+HF+EXYkZgEaDh35BL2xNRbhM=",
      "skip": 0
    },
    {
      "type": "CREATE_GROUP_TRANSACTION",
      "input": {
        "id": "I0R3bbVwZTgA/S/nbZj18P3rUBY=",
        "type": "PrincipalDraw",
        "entryTime": "2024-10-01T10:57:47.000Z",
        "fees": null,
        "txRef": "0x1",
        "serviceProviderFeeTypeId": null,
        "cashTransaction": {
          "id": "vHIcF3+/nIBpCdC6WOBmSaiU5pU=",
          "assetType": "Cash",
          "assetId": "principal-asset-id",
          "entryTime": "2024-10-01T10:57:47.000Z",
          "counterPartyAccountId": "principal-lender-account-id",
          "amount": 10000000,
          "accountId": null,
          "settlementTime": null,
          "tradeTime": null
        },
        "fixedIncomeTransaction": null,
        "interestTransaction": null,
        "feeTransactions": null,
        "cashBalanceChange": 0,
        "unitPrice": null
      },
      "scope": "global",
      "id": "1690abbd-458f-45b6-8bfe-5df27c8b14a2",
      "index": 2,
      "timestamp": "2024-12-10T11:58:02.204Z",
      "hash": "5ThRjgMLtcyWg3WYi3cC4I0AQyU=",
      "skip": 0
    },
    {
      "type": "CREATE_GROUP_TRANSACTION",
      "input": {
        "id": "I96y6mrP08e+82iMtMZVZfbT+R0=",
        "type": "AssetPurchase",
        "entryTime": "2024-10-15T10:58:05.000Z",
        "fees": null,
        "txRef": "0x2",
        "serviceProviderFeeTypeId": null,
        "cashTransaction": {
          "id": "i2W4gNTvc9tiOB3mKnWks7mthfc=",
          "assetType": "Cash",
          "assetId": "principal-asset-id",
          "entryTime": "2024-10-15T10:58:05.000Z",
          "counterPartyAccountId": "principal-lender-account-id",
          "amount": 2490000,
          "accountId": null,
          "settlementTime": null,
          "tradeTime": null
        },
        "fixedIncomeTransaction": {
          "id": "hrFmEjdLzm3oqvG5ZuV5jjmxzok=",
          "assetType": "FixedIncome",
          "assetId": "98RtTYv1sBIfOswKm7pxmvrKDGI=",
          "amount": 2500000,
          "entryTime": "2024-10-15T10:58:05.000Z",
          "accountId": null,
          "counterPartyAccountId": null,
          "settlementTime": null,
          "tradeTime": null
        },
        "interestTransaction": null,
        "feeTransactions": null,
        "cashBalanceChange": 0,
        "unitPrice": null
      },
      "scope": "global",
      "id": "cd9aa332-1bb0-4a4d-a3b8-a89270908234",
      "index": 3,
      "timestamp": "2024-12-10T11:58:38.857Z",
      "hash": "CV2dcNe9zY+Xt/S2++rnnUX9rtE=",
      "skip": 0
    },
    {
      "type": "CREATE_GROUP_TRANSACTION",
      "input": {
        "id": "uS0Tgpj4AzM/epZ3IySUrZKZD+c=",
        "type": "AssetPurchase",
        "entryTime": "2024-11-15T11:58:43.000Z",
        "fees": null,
        "txRef": "0x3",
        "serviceProviderFeeTypeId": null,
        "cashTransaction": {
          "id": "1Yg4WZeGLi7c/Ko5/0WVA/7h4vY=",
          "assetType": "Cash",
          "assetId": "principal-asset-id",
          "entryTime": "2024-11-15T11:58:43.000Z",
          "counterPartyAccountId": "principal-lender-account-id",
          "amount": 1995000,
          "accountId": null,
          "settlementTime": null,
          "tradeTime": null
        },
        "fixedIncomeTransaction": {
          "id": "wYxZtfn5dVSC4/BYlYe1jiRcuig=",
          "assetType": "FixedIncome",
          "assetId": "98RtTYv1sBIfOswKm7pxmvrKDGI=",
          "amount": 2000000,
          "entryTime": "2024-11-15T11:58:43.000Z",
          "accountId": null,
          "counterPartyAccountId": null,
          "settlementTime": null,
          "tradeTime": null
        },
        "interestTransaction": null,
        "feeTransactions": null,
        "cashBalanceChange": 0,
        "unitPrice": null
      },
      "scope": "global",
      "id": "17c3a3ab-33f2-4c50-8330-f1aa1c1a5e32",
      "index": 4,
      "timestamp": "2024-12-10T11:59:12.632Z",
      "hash": "0NRZxZL47pf1W31n4E5nnJcMiZg=",
      "skip": 0
    },
    {
      "type": "CREATE_GROUP_TRANSACTION",
      "input": {
        "id": "pd0Py38loQef6QSWD6uub4AKZzM=",
        "type": "AssetSale",
        "entryTime": "2024-12-01T11:59:17.000Z",
        "fees": null,
        "txRef": "0x4",
        "serviceProviderFeeTypeId": null,
        "cashTransaction": {
          "id": "MUm1QEeSpPJ+lv4SD4UEg2CMtog=",
          "assetType": "Cash",
          "assetId": "principal-asset-id",
          "entryTime": "2024-12-01T11:59:17.000Z",
          "counterPartyAccountId": "principal-lender-account-id",
          "amount": 4000000,
          "accountId": null,
          "settlementTime": null,
          "tradeTime": null
        },
        "fixedIncomeTransaction": {
          "id": "1iS/WgudiKlFvpVoX3CMtq/YOvE=",
          "assetType": "FixedIncome",
          "assetId": "98RtTYv1sBIfOswKm7pxmvrKDGI=",
          "amount": 4000000,
          "entryTime": "2024-12-01T11:59:17.000Z",
          "accountId": null,
          "counterPartyAccountId": null,
          "settlementTime": null,
          "tradeTime": null
        },
        "interestTransaction": null,
        "feeTransactions": null,
        "cashBalanceChange": 0,
        "unitPrice": null
      },
      "scope": "global",
      "id": "57c0864e-cbac-4902-9db1-3b9edaaf1ac0",
      "index": 5,
      "timestamp": "2024-12-10T11:59:43.173Z",
      "hash": "+E2zK7ux6oj6Nnd7XTV3o1Kh4f8=",
      "skip": 0
    },
    {
      "type": "CREATE_SPV",
      "input": {
        "id": "zigVUvR1Jj9ai64QHdVOMknv97g=",
        "name": "SPV2"
      },
      "scope": "global",
      "id": "37eb9283-f110-478c-aa6b-a418d4b4b609",
      "index": 6,
      "timestamp": "2024-12-10T12:23:41.839Z",
      "hash": "YO4xm92U0sUnP5w2mBo0CJ56lew=",
      "skip": 0
    }
  ],
  "local": []
}