{
  "name": "",
  "documentType": "makerdao/rwa-portfolio",
  "revision": {
    "global": 0,
    "local": 0
  },
  "created": "2024-12-10T11:56:56.489Z",
  "lastModified": "2024-12-10T11:56:56.489Z",
  "attachments": {},
  "state": {
    "global": {
      "accounts": [
        {
          "id": "principal-lender-account-id",
          "reference": "0x",
          "label": "Principal Lender"
        }
      ],
      "principalLenderAccountId": "principal-lender-account-id",
      "spvs": [],
      "serviceProviderFeeTypes": [
        {
          "id": "principal-fee-type-id",
          "name": "Principal",
          "feeType": "Principal",
          "accountId": "principal-lender-account-id"
        }
      ],
      "fixedIncomeTypes": [
        {
          "id": "treasury-bill",
          "name": "Treasury Bill"
        }
      ],
      "portfolio": [
        {
          "id": "principal-asset-id",
          "type": "Cash",
          "spvId": "1",
          "currency": "USD",
          "balance": 0
        }
      ],
      "transactions": []
    },
    "local": {}
  }
}